"Title","UpdatesCount","LatestUpdate.Title","LatestUpdate.CreationDate","LatestUpdate.LegacyName","OldtestUpdate.Title","OldtestUpdate.CreationDate","OldtestUpdate.LegacyName","Id","ParentCategoryTitle"
"Azure Stack HCI","32","2022-04x64 ベース システム用 Azure Stack HCI, version 20H2 サービス スタック更新プログラム (KB5012676)","2022/04/21 21:00:06","KB5012676-AzureHCI1809-RTM-ServicingStackUpdate-X64-TSL-World","2020-12 Cumulative Update for Azure Stack HCI, version 20H2 for x64-based Systems (KB4592441)","2020/12/10 18:00:06","KB4592441-AzureHCI1809-RTM-X64-TSL-World","08db04e7-75f3-4c57-90ee-b6311de7f44b","Windows"
"Microsoft Defender Antivirus","287","Microsoft Defender Antivirus のセキュリティ インテリジェンス更新プログラム - KB2267602 (バージョン 1.363.1568.0)","2022/05/08 1:31:41","","Windows Defender Antivirus マルウェア対策プラットフォームの更新プログラム - KB4052623 (Version 4.18.2001.10)","2020/02/13 23:43:31","","8c3fcc84-7410-4a95-8b89-a166a0190486","Windows"
"Microsoft Defender for Endpoint","7","Microsoft Defender for Endpoint の更新プログラム - KB 5005292 (バージョン 10.8048.22439.1065)","2022/04/03 7:20:57","","Microsoft Defender for Endpoint の更新プログラム - KB 5005292 (バージョン 10.8046.22439.1040)","2022/02/08 12:38:19","","52561474-cdfa-4717-8692-bf8d58abc425","Windows"
"Microsoft Edge","725","Microsoft Edge-x64 ベース エディション (ビルド 99.0.1150.2) の Dev チャネル バージョン 99 Update","2022/05/06 21:00:00","KB0-Dev-RTM-MicrosoftEdge-X64-TSL-World","Microsoft Edge-x86 ベース エディション (ビルド 81.0.416.20) の Beta チャネル バージョン 81 Update","2020/03/02 23:00:06","KB0-Beta-RTM-MicrosoftEdge-X86-TSL-World","69010383-ff55-4227-bd6c-d91c26f2643b","Windows"
"Microsoft Server operating system-21H2","17","2022-04 Microsoft server operating system version 21H2 x64 ベース システム用の累積更新プログラム (KB5012604)","2022/04/12 17:00:06","KB5012604-WindowsServer2022-RTM-UnifiedCumulativeSecurity-X64-TSL-World","2021-08 Microsoft server operating system version 21H2 x64 ベース システム用の累積更新プログラム (KB5005039)","2021/08/10 17:00:07","KB5005039-WindowsServer2022-RTM-UnifiedCumulativeSecurity-X64-TSL-World","71718f13-7324-4b0f-8f9e-2ca9dc978e53","Windows"
"OOBE ZDP","14","Windows 10 for x64-Based Systems 用更新プログラム (KB3122962)","2015/12/15 18:00:00","KB3122962-Win10-RTM-X64-TSL","Windows 8.1 用更新プログラム (KB3021128)","2014/12/09 18:00:00","KB3021128-Win8.1-RTM-X86-TSL","dd78b8a1-0b20-45c1-add6-4da72e9364cf","Windows"
"Server 2022 Hotpatch Category","10","2022-04 Microsoft server operating system version 21H2 x64 ベース システム用の累積更新プログラム (KB5012604)","2022/04/12 17:00:06","KB5012604-WindowsServer2022Hotpatch-RTM-UnifiedCumulativeSecurity-X64-TSL-World","2021-11 ベース システム Hotpatch の Azure Stack HCI, version 21H2 累積セキュリティ Windows Server 2022 Datacenter: Azure Editionx64(KB5007386)","2021/11/09 18:00:06","KB5007386-WindowsServer2022Hotpatch-RTM-UnifiedCumulativeHotpatch-X64-TSL-World","97b08ca0-db59-468d-8c47-0ecaad647997","Windows"
"Surface Hub 2S drivers","0",,,,,,,"b2b5aff0-734b-44e7-9934-48467fcae134","Windows"
"Windows - Client S, version 21H2 and later, Servicing Drivers","0",,,,,,,"5ca5303e-220e-4e91-a758-b67ece7f0e67","Windows"
"Windows - Client S, version 21H2 and later, Upgrade & Servicing Drivers","0",,,,,,,"9f9a6cb8-a74e-4a72-8133-ab941bdb9d8c","Windows"
"Windows - Client, version 21H2 and later, Servicing Drivers","0",,,,,,,"6126d650-7850-48fa-858e-a5256f1e92c4","Windows"
"Windows - Client, version 21H2 and later, Upgrade & Servicing Drivers","0",,,,,,,"f6858123-8fe9-4e4a-b1cb-008ef0514e51","Windows"
"Windows - Server, version 21H2 and later, Servicing Drivers","0",,,,,,,"11723676-6eb1-4cf6-b86a-6fae8e2d5f1e","Windows"
"Windows - Server, version 21H2 and later, Upgrade & Servicing Drivers","0",,,,,,,"a5515156-b69c-47cc-9dc5-0942be6b3086","Windows"
"Windows 10 and later drivers","0",,,,,,,"05eebf61-148b-43cf-80da-1c99ab0b8699","Windows"
"Windows 10 and later upgrade & servicing drivers","0",,,,,,,"34f268b4-7e2d-40e1-8966-8bb6ea3dad27","Windows"
"Windows 10 Anniversary Update and Later Servicing Drivers","0",,,,,,,"bab879a4-c1af-4b52-9617-0f9ae1286fb6","Windows"
"Windows 10 Anniversary Update and Later Upgrade & Servicing Drivers","0",,,,,,,"0ba562e6-a6ba-490d-bdce-93a770ba8d21","Windows"
"Windows 10 Creators Update and Later Servicing Drivers","0",,,,,,,"cfe7182c-14a0-4d7e-9f5e-505d5c3a66f6","Windows"
"Windows 10 Creators Update and Later Servicing Drivers","0",,,,,,,"f5b5092c-d05e-4eb1-8a6a-919770378ff6","Windows"
"Windows 10 Creators Update and Later Upgrade & Servicing Drivers","0",,,,,,,"06da2f0c-7937-4e28-b46c-a37317eade73","Windows"
"Windows 10 Dynamic Update","552","2022-04 Dynamic Update for Microsoft server operating system for x64-based Systems (KB5012799)","2022/04/25 21:00:06","KB5012799-WindowsServer2022-RTM-SetupDU-X64-TSL-World","Dynamic Update for Windows 10 Version 1607 for AMD64-based Systems (KB3176937)","2016/08/23 17:00:00","KB3176937-Windows10Rs1Client-RTM-CriticalDU-X64-TSL","e4b04398-adbd-4b69-93b9-477322331cd3","Windows"
"Windows 10 Fall Creators Update and Later Servicing Drivers","0",,,,,,,"876ad18f-f41d-442a-ac64-f5c5ce74cc83","Windows"
"Windows 10 Fall Creators Update and Later Upgrade & Servicing Drivers","0",,,,,,,"c70f1038-66ac-443d-9e58-ac22e891e4fb","Windows"
"Windows 10 Feature On Demand","1090","FeatureOnDemand MopriaCloudService - Windows Server 2016 for AMD64-based Systems - (KB3193497)","2017/07/07 1:45:36","KB3193497-Windows10Rs1Server-RTM-FeatureOnDemandMopriaCloudService-X64-TSL-World","Lang Pack (Language Features) Feature On Demand for X86 [rm-CH]","2015/11/17 18:00:00","KB3109599-Win10FeatureOnDemandLang-RTM-X86-TSL-RMC","e104dd76-2895-41c4-9eb5-c483a61e9427","Windows"
"Windows 10 GDR-DU FOD","412","GDR-DU: LanguageFeatureOnDemand - Windows 10 April 2018 Update for x64-based Systems - (KB4132443) [uz-Latn-UZ]","2018/04/30 13:00:00","KB4132443-Win10-TH1-GDR-DU-RTM-LanguageFeatureOnDemand-X64-TSL-World-UZB","GDR-DU: LanguageFeatureOnDemand - Windows 10 Version 1709 for x86-based Systems - (KB4046355) [hy-AM]","2017/10/02 16:30:00","KB4046355-Win10-TH1-GDR-DU-RTM-LanguageFeatureOnDemand-X86-TSL-World-HYE","3efabf46-3037-4c85-a752-3189e574b621","Windows"
"Windows 10 GDR-DU LP","1050","GDR-DU: Maori LanguageInterfacePack - Windows 10 April 2018 Update for ARM64-based Systems - (KB4132443) [mi-NZ_LIP]","2018/04/30 13:00:00","KB4132443-Win10-TH1-GDR-DU-RTM-LanguageInterfacePack-ARM64-TSL-World-MRI","GDR-DU: Polish LanguagePack - Windows 10 Insider Preview 14390 for AMD64-based Systems - (KB3179271) [pl-PL_LP]","2016/07/14 0:48:09","KB3179271-Win10-TH1-GDR-DU-RTM-LanguagePack-X64-TSL-rs1_release-PLK","6111a83d-7a6b-4a2c-a7c2-f222eebcabf4","Windows"
"Windows 10 GDR-DU","895","2022-04 Dynamic Cumulative Update for Windows 10 Version 21H1 for ARM64-based Systems (KB5012599)","2022/04/12 17:00:08","KB5012599-Windows1021h1Client-GDR-DU-RTM-UnifiedCumulativeSecurity-ARM64-TSL-World","GDR-DU: LanguageFeatureOnDemand - Windows 10 Insider Preview 14390 for AMD64-based Systems - (KB3179271) [uz-Latn-UZ]","2016/07/14 0:48:09","KB3179271-Win10-TH1-GDR-DU-RTM-LanguageFeatureOnDemand-X64-TSL-rs1_release-UZB","abc45868-0c9c-4bc0-a36d-03d54113baf4","Windows"
"Windows 10 Language Interface Packs","804","Amharic LanguageInterfacePack - Windows 10 Version 1709 for x64-based Systems - (KB4046355) [am-ET_LIP]","2017/10/02 16:30:00","KB4046355-Win10-TH1-RTM-LanguageInterfacePack-X64-TSL-World-AMH","セルビア語 (キリル、ボスニア・ヘルツェゴビナ) インターフェイス パック - Windows 10 - (KB3079343) [sr-Cyrl-BA_LIP]","2015/07/15 17:00:00","KB3079343-Win10ClientLIP-RTM-X86-TSL-SRB","7d247b99-caa2-45e4-9c8f-6d60d0aae35c","Windows"
"Windows 10 Language Packs","470","Hebrew LanguagePack - Windows 10 Version 1709 for x64-based Systems - (KB4046355) [he-IL_LP]","2017/10/02 16:30:00","KB4046355-Win10-TH1-RTM-LanguagePack-X64-TSL-World-HEB","タイ語言語パック - Windows 10 - (KB3079343) [th-TH_LP]","2015/07/15 17:00:00","KB3079343-Win10ClientLangPack-RTM-X86-TSL-THA","fc7c9913-7a1e-4b30-b602-3c62fffd9b1a","Windows"
"Windows 10 LTSB","469","悪意のあるソフトウェアの削除ツール x64 - v5.100 (KB890830)","2022/04/12 21:00:00","890830_X64_WIN8TP_MRT_v5.100","Windows 10 用更新プログラム (KB3141032)","2016/03/08 18:00:00","KB3141032-Win10-RTM-X86-TSL","d2085b71-5f1f-43a9-880d-ed159016d5c6","Windows"
"Windows 10 S and Later Servicing Drivers","0",,,,,,,"c1006636-eab4-4b0b-b1b0-d50282c0377e","Windows"
"Windows 10 S Version 1709 and Later Servicing Drivers for testing","0",,,,,,,"bb06ba08-3df8-4221-8794-18effb79156a","Windows"
"Windows 10 S Version 1709 and Later Upgrade & Servicing Drivers for testing","0",,,,,,,"b7f52cfb-c9e9-4481-9bc0-c8b4e208ba39","Windows"
"Windows 10 S Version 1803 and Later Servicing Drivers","0",,,,,,,"e727f134-a089-4b23-83f1-3004e054f658","Windows"
"Windows 10 S Version 1803 and Later Upgrade & Servicing Drivers","0",,,,,,,"761370fd-6dbb-427f-899e-c19d56e22a9b","Windows"
"Windows 10 S, version 1809 and later, Servicing Drivers","0",,,,,,,"39d54f77-4f1f-4e46-9752-c2de4cf2244d","Windows"
"Windows 10 S, version 1809 and later, Upgrade & Servicing Drivers","0",,,,,,,"bb0dab86-78bd-4561-a71c-fb0071efd262","Windows"
"Windows 10 S, version 1903 and later, Servicing Drivers","0",,,,,,,"a011d83e-195d-467c-95d7-14b0dd6ea4c8","Windows"
"Windows 10 S, version 1903 and later, Upgrade & Servicing Drivers","0",,,,,,,"05d9f254-88be-4293-8d10-2ddd42982e39","Windows"
"Windows 10 S, Vibranium and later, Servicing Drivers","0",,,,,,,"c34286fc-0dd4-426e-afe1-81771b7a2243","Windows"
"Windows 10 S, Vibranium and later, Upgrade & Servicing Drivers","0",,,,,,,"21f5b60b-b3b8-401e-a56f-2d96a1ea6015","Windows"
"Windows 10 version 1803 and Later Servicing Drivers","0",,,,,,,"8570b1a2-0551-42c8-a3e7-d3783c3d36d4","Windows"
"Windows 10 Version 1803 and Later Upgrade   & Servicing Drivers","0",,,,,,,"29e060d2-aa33-4784-9b50-2021bb84cc18","Windows"
"Windows 10, version 1809 and later, Servicing Drivers","0",,,,,,,"7ddc06c4-f2ff-4bb0-bc87-17b385c89a63","Windows"
"Windows 10, version 1809 and later, Upgrade & Servicing Drivers","0",,,,,,,"13610e13-fac1-4017-b703-82062db96be4","Windows"
"Windows 10, version 1903 and later, Servicing Drivers","0",,,,,,,"0e297a89-e334-4987-827b-370a429083b9","Windows"
"Windows 10, version 1903 and later, Upgrade & Servicing Drivers","0",,,,,,,"b488e84c-6d2c-4170-b915-c36f9bbcf6e7","Windows"
"Windows 10, version 1903 and later","919","悪意のあるソフトウェアの削除ツール x64 - v5.100 (KB890830)","2022/04/12 21:00:00","890830_X64_WIN8TP_MRT_v5.100","2019-04 ARM64 ベース システム用 Windows 10 Version 1903 の累積更新プログラム (KB4497093)","2019/05/01 17:00:06","KB4497093-Windows1019h1Client-RTM-ARM64-TSL-World","b3c75dc1-155f-4be4-b015-3f1a91758e52","Windows"
"Windows 10, Vibranium and later, Servicing Drivers","0",,,,,,,"d964a0e3-4646-46f5-9b31-b1aa3dcb5246","Windows"
"Windows 10, Vibranium and later, Upgrade & Servicing Drivers","0",,,,,,,"4a6d718b-bd08-4748-9dd5-c8cc2b1de451","Windows"
"Windows 10","1038","悪意のあるソフトウェアの削除ツール - v5.100 (KB890830)","2022/04/12 21:00:00","890830_X86_WIN8TP_MRT_v5.100","Windows 10 用更新プログラム (KB3141032)","2016/03/08 18:00:00","KB3141032-Win10-RTM-X86-TSL","a3c2375d-0c8a-42f9-bce0-28333e198407","Windows"
"Windows 11 Dynamic Update","22","2022-04 Dynamic Update for Windows 11 for x64-based Systems (KB5012678)","2022/04/25 21:00:06","KB5012678-WindowsSV21H2-RTM-SetupDU-X64-TSL-World","2021-09 Dynamic Update for Windows 11 for ARM64-based Systems (KB5006587)","2021/09/16 17:00:06","KB5006587-WindowsSV21H2-RTM-SetupDU-ARM64-TSL-World","ab1852d6-15fd-4bf0-acd1-d276a5ea82fb","Windows"
"Windows 11 GDR-DU","14","2022-04 Dynamic Cumulative Update for Windows 11 for ARM64-based Systems (KB5012592)","2022/04/12 17:00:06","KB5012592-WindowsSV21H2-GDR-DU-RTM-UnifiedCumulativeSecurity-ARM64-TSL-World","2021-10 Dynamic Cumulative Update for Windows 11 for x64-based Systems (KB5006674)","2021/10/12 17:03:07","KB5006674-WindowsSV21H2-GDR-DU-RTM-UnifiedCumulativeSecurity-X64-TSL-World","b6ea7c03-5339-4d45-a215-314a05fe37e0","Windows"
"Windows 11","54","悪意のあるソフトウェアの削除ツール - v5.100 (KB890830)","2022/04/12 21:00:00","890830_X86_WIN8TP_MRT_v5.100","以下にアップグレード: Windows 11 (ビジネス エディション) en-gb x64","2021/10/04 20:00:00","","72e7624a-5b00-45d2-b92f-e561c0a6a160","Windows"
"Windows 2000","371","Microsoft XML コア サービス 4.0 Service Pack 2 用セキュリティ更新プログラム (KB954430)","2011/07/12 17:00:00","MSXML4_SP2_954430_X86","セキュリティ問題の修正プログラム - 2002 年 2 月 14 日 (Internet Explorer 5.01)","2003/02/18 20:55:25","q318089_w2k_ie5_5218","3b4b8621-726e-43a6-b43b-37d07ec7019f","Windows"
"Windows 7","2029","悪意のあるソフトウェアの削除ツール x64 - v5.100 (KB890830)","2022/04/12 21:00:00","890830_AMD64_MRT_v5,100","Security Update for Windows 7 Beta for x64-based Systems (KB958690)","2009/03/10 17:00:00","WINDOWS6-1-KB958690-X64-BETA-257382","bfe5b177-a086-47a0-b102-097e4fa1f807","Windows"
"Windows 8 Dynamic Update","10","Dynamic Update for Windows 8 and Windows Server 2012 for x64-based Systems (KB2939103)","2014/03/18 17:00:00","KB2939103-Win8-RTM-X64-TSL","Windows 8 および Windows Server 2012 for x64-based Systems 用動的更新 (KB2791338)","2013/03/12 17:00:00","KB2791338-Win8-RTM-X64-TSL","393789f5-61c1-4881-b5e7-c47bcca90f94","Windows"
"Windows 8 Embedded","589","2022-04 x86 ベース システム用 Windows Embedded 8 Standard 向けセキュリティ マンスリー品質ロールアップ (KB5012650)","2022/04/12 17:00:06","KB5012650-Windows8Embedded-RTM-X86-TSL-World","Windows Embedded 8 Standard 用セキュリティ更新プログラム (KB3126587)","2016/02/09 18:00:00","KB3126587-Win8Embedded-RTM-X86-TSL","589db546-7849-47f5-bbc0-1f66cf12f5c2","Windows"
"Windows 8 Language Interface Packs","142","ノルウェー語 (ニーノシュク) インターフェース パック - Windows 8 - (KB2607607) [nn-NO_LIP]","2013/07/23 17:00:00","","バスク語 Language Interface Pack - Windows 8 x64 ベース システム用 - (KB2607607) [eu-ES_LIP]","2012/10/23 17:00:00","","3e5cc385-f312-4fff-bd5e-b88dcf29b476","Windows"
"Windows 8 Language Packs","72","ドイツ語言語パック - Windows 8 - (KB2607607) [de-DE_LP]","2012/10/23 17:00:00","","ドイツ語言語パック - Windows 8 - (KB2607607) [de-DE_LP]","2012/10/23 17:00:00","","97c4cee8-b2ae-4c43-a5ee-08367dab8796","Windows"
"Windows 8.1 and later drivers","0",,,,,,,"405706ed-f1d7-47ea-91e1-eb8860039715","Windows"
"Windows 8.1 Drivers","0",,,,,,,"f7b29b7a-086b-43f9-9cc8-e1a2f8a31e08","Windows"
"Windows 8.1 Dynamic Update","40","Windows 8.1 用動的更新 (KB3048100)","2015/05/12 17:00:00","KB3048100-Win8.1-RTM-X86-TSL","Windows 8.1 用動的更新 (KB2892082)","2013/10/17 11:00:00","KB2892082-Win8.1-RTM-X86-TSL","18e5ea77-e3d1-43b6-a0a8-fa3dbcd42e93","Windows"
"Windows 8.1 Language Interface Packs","142","タジク語 (キリル) インターフェイス パック - Windows 8.1 x64 ベース システム用 - (KB2839636) [tg-Cyrl-TJ_LIP]","2013/11/12 18:00:00","","ヒンディー語インターフェース パック - Windows 8.1 - (KB2839636) [hi-IN_LIP]","2013/09/24 17:00:00","","14a011c7-d17b-4b71-a2a4-051807f4f4c6","Windows"
"Windows 8.1 Language Packs","144","スペイン語言語パック - Windows 8.1 x64 ベース システム用 - (KB3012997) [es-ES_LP]","2014/12/09 18:00:00","KB3012997-WindowsBlueClientLangPack-RTM-X64-TSL-ESN","デンマーク語言語パック - Windows 8.1 x64 ベース システム用 - (KB2839636) [da-DK_LP]","2013/09/24 17:00:00","","01030579-66d2-446e-8c65-538df07e0e44","Windows"
"Windows 8.1","1826","悪意のあるソフトウェアの削除ツール - v5.100 (KB890830)","2022/04/12 21:00:00","890830_X86_WIN8TP_MRT_v5.100","Windows 8.1 用 Microsoft Camera Codec Pack の更新プログラム (KB2859675)","2013/09/24 17:00:00","KB2859675-Win8.1-RTM-X86-TSL","6407468e-edc7-4ecd-8c32-521f64cee65e","Windows"
"Windows 8","458","x64 ベース システム Windows 8 および Windows Server 2012 用 Microsoft .NET Framework 4.5.2 (KB2901982)","2018/01/09 18:00:00","KB2901982-Win8-RTM-X64-TSL","Microsoft XML コア サービス 4.0 Service Pack 3 用セキュリティ更新プログラム (KB2721691)","2012/10/09 17:00:00","MSXML4_SP3_2721691_X86","2ee2ad83-828c-4405-9479-544d767993fc","Windows"
"Windows Dictionary Updates","11","日本語 Microsoft IME 流行語辞書アップデート - KB2880582 (Version 16.0.1515.1)","2015/05/31 17:00:00","","韓国語 Microsoft IME 予測入力辞書アップデート - KB2880581 (Version 16.0.662.1)","2013/12/18 18:00:00","","50c04525-9b15-4f7c-bed4-87455bcd7ded","Windows"
"Windows Embedded Standard 7","1219","2022-04 x86 ベース システム用 Windows Embedded Standard 7 向けセキュリティ マンスリー品質ロールアップ (KB5012626)","2022/04/12 17:00:06","KB5012626-Windows7Embedded-SP1-X86-TSL-World","Windows Embedded Standard 7 for x64-Based Systems 用セキュリティ更新プログラム (KB2032276)","2010/07/13 17:00:00","WINDOWS7EMBEDDED-KB2032276-X64-322540-25177","f4b9c883-f4db-4fb5-b204-3343c11fa021","Windows"
"Windows GDR-Dynamic Update","2","GDR-DU: Update for Windows 8.1 (KB3013769)","2015/05/12 17:00:00","KB3013769-Win8.1-GDR-DU-RTM-X86-TSL","GDR-DU: Update for Windows 8.1 (KB3013769)","2015/05/12 17:00:00","KB3013769-Win8.1-GDR-DU-RTM-X86-TSL","470bd53a-c36a-448f-b620-91feede01946","Windows"
"Windows Insider Pre-Release","73","2021-10 x64 ベース システム用 Windows 10 Version 21H2 の累積更新プログラム (KB5006670)","2021/10/12 17:00:12","KB5006670-Windows1021h2Client-RTM-UnifiedCumulativeSecurity-X64-TSL-World","Windows 10 (ビジネス エディション) Version 21H1、en-gb x86 の Windows Insider プレリリース機能更新プログラム","2021/03/18 17:00:00","","ca006cfb-49eb-439b-880a-1312e1fc9713","Windows"
"Windows Internet Explorer 7 Dynamic Installer","11","Windows Server 2003 for Itanium-based Systems 用 Internet Explorer 7 動的インストーラの累積的なセキュリティ更新プログラム (KB2977629)","2014/09/09 17:00:00","DUOnly-KB2977629-Win2003-IE7-SP2-IA64-TSL","Cumulative Security Update for Internet Explorer 7 Dynamic Installer for Windows XP x64 Edition (KB2909921)","2014/02/11 18:00:00","DUOnly-KB2909921-WinXP-IE7-SP2-X64-TSL","cb263e3f-6c5a-4b71-88fa-1706f9549f51","Windows"
"Windows Internet Explorer 8 Dynamic Installer","20","Windows Server 2003 用 Internet Explorer 8 動的インストーラの累積的なセキュリティ更新プログラム (KB2977629)","2014/09/09 17:00:00","DUOnly-KB2977629-Win2003-IE8-SP2-X86-TSL","Cumulative Security Update for Internet Explorer 8 Dynamic Installer for Windows XP x64 Edition (KB2909921)","2014/02/11 18:00:00","DUOnly-KB2909921-WinXP-IE8-SP2-X64-TSL","5312e4f1-6372-442d-aeb2-15f2132c9bd7","Windows"
"Windows Media Dynamic Installer","4","Windows XP Home Edition N および Windows XP Professional N 用 Windows ムービー メーカー ユーティリティ(KB892312)","2008/11/25 18:00:00","892312_XP_N_SP3_X86","Windows Media Player 11 (Windows XP Professional x64 Edition 用)","2008/04/22 17:00:00","WMP11-WindowsXP-925850-X64","e88a19fb-a847-4e3d-9ae2-13c2b84f58a6","Windows"
"Windows Next Graphics Driver Dynamic update","0",,,,,,,"8c27cdba-6a1c-455e-af20-46b7771bbb96","Windows"
"Windows RT 8.1","12","2022-04 Windows 8.1 RT (ARM ベース システム対応) 用 .NET Framework 4.5.2、4.6、4.6.1、4.6.2、4.7、4.7.1、4.7.2、4.8 用セキュリティおよび品質ロールアップ (KB5012331)","2022/04/12 17:00:00","KB5012331-DotNetMonthlyRollUp-Win81-Client-arm-Retail","November, 2016 Preview of Quality Rollup for .NET Framework 4.5.2, 4.6, 4.6.1 on Windows 8.1 RT for ARM-based Systems (KB3196684)","2016/11/15 18:00:00","KB3196684-DOTNET-ARM-TSL","2c62603e-7a60-4832-9a14-cfdfd2d71b9a","Windows"
"Windows RT","0",,,,,,,"0a07aea1-9d09-4c1e-8dc7-7469228d8195","Windows"
"Windows Safe OS Dynamic Update","118","2022-03 Dynamic Update for Windows 11 for ARM64-based Systems (KB5011579)","2022/03/28 21:00:06","KB5011579-WindowsSV21H2-RTM-SafeOSDU-ARM64-TSL-World","Dynamic Update for Windows 10 Version 1607 for x64-based Systems (KB3194623)","2016/12/26 14:00:00","KB3194623-Windows10Rs1Client-RTM-SafeOSDU-X64-TSL-World","dd1aa213-54e7-4173-8456-b278964a26b6","Windows"
"Windows Server  マネージャ - Windows Server Updates Services (WSUS) 動的インストーラ","2","サーバー マネージャ x64 Edition 用 Windows Server Update Services 3.0 SP2 Dynamic Installer (KB972493)","2011/03/08 18:00:00","WSUS30SP2_972493_x64","サーバー マネージャ用 Windows Server Update Services 3.0 SP2 Dynamic Installer (KB972493)","2009/08/25 17:00:00","WSUS30SP2_972493_x86","4e487029-f550-4c22-8b31-9173f3f95786","Windows"
"Windows Server 2003, Datacenter Edition","2068","Windows Server 2003 for Itanium-based Systems 用セキュリティ更新プログラム (KB3068457)","2015/07/14 17:00:00","KB3068457-Win2003-SP2-IA64-TSL","MS03-026 : セキュリティ問題の修正プログラム (823980)","2003/09/09 20:41:00","823980_ws03_sp1_winse_48713_critical","7f44c2a7-bc36-470b-be3b-c01b6dc5dd4e","Windows"
"Windows Server 2003","2079","Windows Server 2003 for Itanium-based Systems 用セキュリティ更新プログラム (KB3068457)","2015/07/14 17:00:00","KB3068457-Win2003-SP2-IA64-TSL","MS03-026 : セキュリティ問題の修正プログラム (823980)","2003/09/09 20:41:00","823980_ws03_sp1_winse_48713_critical","dbf57a08-0d5a-46ff-b30c-7715eb9498e9","Windows"
"Windows Server 2008 R2","1552","悪意のあるソフトウェアの削除ツール x64 - v5.100 (KB890830)","2022/04/12 21:00:00","890830_AMD64_MRT_v5,100","Security Update for Windows Server 2008 R2 Beta x64 Edition (KB958690)","2009/03/10 17:00:00","WINDOWS6-1-KB958690-X64-BETA-257382","fdfe8200-9d98-44ba-a12a-772282bf60ef","Windows"
"Windows Server 2008 サーバー マネージャ 動的インストーラ","2","Windows Server 2008 サーバー マネージャ (x64 Edition) 用の更新プログラム (KB940518)","2009/03/24 17:00:00","WINDOWSSERVER2008-KB940518-X64-228628","Windows Server 2008 サーバー マネージャ (x64 Edition) 用の更新プログラム (KB940518)","2009/03/24 17:00:00","WINDOWSSERVER2008-KB940518-X64-228628","ec9aaca2-f868-4f06-b201-fb8eefd84cef","Windows"
"Windows Server 2008","2648","悪意のあるソフトウェアの削除ツール x64 - v5.100 (KB890830)","2022/04/12 21:00:00","890830_AMD64_MRT_v5,100","Microsoft .NET Framework 1.0 Service Pack 3 日本語版","2008/03/25 17:00:00","KB867461_DOT_NET_JA_1_0_SP3","ba0ae9cc-5f01-40b4-ac3f-50192b5d6aaf","Windows"
"Windows Server 2012 Language Packs","36","オランダ語言語パック - Windows Server 2012 x64 ベース システム用 - (KB2607607) [nl-NL_LP]","2012/10/23 17:00:00","","オランダ語言語パック - Windows Server 2012 x64 ベース システム用 - (KB2607607) [nl-NL_LP]","2012/10/23 17:00:00","","26cbba0f-45de-40d5-b94a-3cbe5b761c9d","Windows"
"Windows Server 2012 R2  and later drivers","0",,,,,,,"f3c2263d-b256-4c49-a246-973c0e366449","Windows"
"Windows Server 2012 R2 Drivers","0",,,,,,,"bfd3e48c-c96b-43fd-8b09-98cdc89dc77e","Windows"
"Windows Server 2012 R2 Language Packs","72","ポルトガル語 (ポルトガル) 言語パック - Windows Server 2012 R2 - (KB3012997) [pt-PT_LP]","2014/12/09 18:00:00","KB3012997-WindowsBlueServerLangPack-RTM-X64-TSL-PTG","ヘブライ語言語パック - Windows Server 2012 R2 - (KB2839636) [he-IL_LP]","2013/09/24 17:00:00","","8b4e84f6-595f-41ed-854f-4ca886e317a5","Windows"
"Windows Server 2012 R2","811","悪意のあるソフトウェアの削除ツール x64 - v5.100 (KB890830)","2022/04/12 21:00:00","890830_X64_WIN8TP_MRT_v5.100","Windows Server 2012 R2 用更新プログラム (KB2884846)","2013/10/17 11:00:00","KB2884846-Win8.1Server-RTM-X64-TSL","d31bd4c3-d872-41c9-a2e7-231f372588cb","Windows"
"Windows Server 2012","727","悪意のあるソフトウェアの削除ツール x64 - v5.100 (KB890830)","2022/04/12 21:00:00","890830_X64_WIN8TP_MRT_v5.100","Microsoft XML コア サービス 4.0 Service Pack 3 for x64-based Systems 用セキュリティ更新プログラム (KB2721691)","2012/10/09 17:00:00","MSXML4_SP3_2721691_X64","a105a108-7c9b-4518-bbbe-73f0fe30012b","Windows"
"Windows Server 2016 and Later Servicing Drivers","0",,,,,,,"3c54bb6c-66d1-4a79-884c-8a0c96fa20d1","Windows"
"Windows Server 2016","163","悪意のあるソフトウェアの削除ツール x64 - v5.100 (KB890830)","2022/04/12 21:00:00","890830_X64_WIN8TP_MRT_v5.100","Windows Server 2016 for x64-Based Systems 用更新プログラム (KB3199209)","2016/10/17 18:30:00","KB3199209-Windows10Rs1Server-RTM-ServicingStackUpdate-X64-TSL-World","569e8e8f-c6cd-42c8-92a3-efbb20a0f6f5","Windows"
"Windows Server 2019 and later, Servicing Drivers","0",,,,,,,"b645dd0f-2965-43e8-b055-8ea47e2d71d7","Windows"
"Windows Server 2019 and later, Upgrade & Servicing Drivers","0",,,,,,,"ecf560de-38d7-4aa0-beef-e74041c581a4","Windows"
"Windows Server 2019 Datacenter: Azure Edition Hotpatch","17","2021-08 Cumulative Update for Windows Server 2019 Datacenter: Azure Edition for x64-based Systems (KB5005042)","2021/08/10 17:00:06","KB5005042-AzureHotpatchServer2019-RTM-X64-TSL-World","2021-03x64 ベース システム用 Windows Server 2019 Datacenter: Azure Edition サービス スタック更新プログラム (KB5001158)","2021/03/09 18:00:06","KB5001158-AzureHotpatchServer2019-RTM-ServicingStackUpdate-X64-TSL-World","2a29bb74-e93b-4f03-9b7f-750ef71a6dd0","Windows"
"Windows Server 2019","115","悪意のあるソフトウェアの削除ツール x64 - v5.100 (KB890830)","2022/04/12 21:00:00","890830_X64_WIN8TP_MRT_v5.100","2018-10 x64 ベース システム用 Windows Server 2019 (1809) 更新プログラム (KB4465477)","2018/10/09 17:01:05","KB4465477-Windows10Rs5Server-RTM-ServicingStackUpdate-X64-TSL-World","f702a48c-919b-45d6-9aef-ca4248d50397","Windows"
"Windows Server Drivers","0",,,,,,,"323cceaf-b60b-4a0d-8a8a-3069efde76bf","Windows"
"Windows Server Technical Preview Language Packs","125","Croatian LanguagePack - Windows Server, version 1709 for x64-based Systems - (KB4046355) [hr-HR_LP]","2017/10/02 16:30:00","KB4046355-Windows10Rs1Server-RTM-LanguagePack-X64-TSL-World-HRV","Chinese Traditional (Taiwan) Language Pack - Windows Server 2016 Technical Preview 4 - (KB3116201) [zh-TW_LP]","2015/11/18 18:00:00","KB3116201-Win10ServerLangPack-RTM-X64-TSL-CHT","0b378f2d-bff3-47dd-9b7f-5c9f966bdd81","Windows"
"Windows Server, version 1903 and later","289","悪意のあるソフトウェアの削除ツール x64 - v5.100 (KB890830)","2022/04/12 21:00:00","890830_X64_WIN8TP_MRT_v5.100","2019-04x64 ベース システム用 Windows Server, version 1903 サービス スタック更新プログラム (KB4498524)","2019/05/01 17:00:06","KB4498524-Windows1019h1Server-RTM-ServicingStackUpdate-X64-TSL-World","21210d67-50bc-4254-a695-281765e10665","Windows"
"Windows Ultimate Extras","18","Windows DreamScene コンテンツ パック #4","2008/09/23 17:00:00","Windows6.0-KB944428-x64","BitLocker と EFS 拡張機能","2007/04/24 17:00:00","Windows6.0-KB932926-x64","e7441a84-4561-465f-9e0e-7fc16fa25ea7","Windows"
"Windows Vista Dynamic Installer","0",,,,,,,"90e135fb-ef48-4ad0-afb5-10c4ceb4ed16","Windows"
"Windows Vista Ultimate Language Packs","70","イタリア語パック","2009/06/30 17:00:00","it-IT Language Pack x86","イタリア語パック","2009/06/30 17:00:00","it-IT Language Pack x86","a901c1bd-989c-45c6-8da0-8dde8dbb69e0","Windows"
"Windows Vista","1926","Microsoft .NET Framework 3.0 SP2 のセキュリティ更新プログラム (Windows Vista SP2 x86 および Windows Server 2008 SP2 x86 用)(KB3099860)","2017/06/13 17:00:00","KB3099860-Longhorn-.Net30SP2-SP2-X86-TSL","Update for Windows Vista RC1 (925028)","2006/10/11 16:38:30","WINDOWS6-0-KB925028-X64-189164","26997d30-08ce-4f25-b2de-699c36a8033a","Windows"
"Windows XP 64-Bit Edition Version 2003","1","Windows XP x64 Edition 用セキュリティ更新プログラム (KB898458)","2005/06/13 22:24:31","898458_XP03_SP2_x64_WinSE_161158","Windows XP x64 Edition 用セキュリティ更新プログラム (KB898458)","2005/06/13 22:24:31","898458_XP03_SP2_x64_WinSE_161158","a4bedb1d-a809-4f63-9b49-3fe31967b6d0","Windows"
"Windows XP Embedded","330","2019-04 x86 ベース システム用 POSReady 2009 のセキュリティ更新プログラム (KB4493795)","2019/04/09 17:00:07","KB4493795-WinXPEmbedded-SP3-X86-TSL-World","WEPOS および POSReady 2009 のセキュリティ更新プログラム (KB2926765)","2014/05/13 17:00:00","KB2926765-WinXPEmbedded-SP3-X86-TSL","874a7757-3a13-43b2-a7f2-cf2ff43dd6bf","Windows"
"Windows XP x64 Edition","565","Windows XP x64 Edition 用セキュリティ更新プログラム (KB2922229)","2014/04/08 17:00:00","KB2922229-WinXP-SP2-X64-TSL","Windows XP x64 Edition 用の更新プログラム (KB898715)","2005/07/11 21:24:50","898715_XP03_SP2_x64_WinSE_160810","4cb6ebd5-e38a-4826-9f76-1416a6f563b0","Windows"
"Windows XP","854","Windows XP 用セキュリティ更新プログラム (KB2922229)","2014/04/08 17:00:00","KB2922229-WinXP-SP3-X86-TSL","システム回復のエラーメッセージが表示される問題の修正プログラム","2003/02/18 19:56:08","q317277_xp_i386_5278","558f4bc3-4827-49e1-accf-ea79fd72d4c9","Windows"
"Dictionary Updates for Microsoft IMEs","16","Microsoft Office IME 2010 標準辞書のアップデート (KB978479)","2015/05/25 17:00:00","","Microsoft Office IME 2010 郵便番号辞書のアップデート (KB2450059)","2011/11/16 18:00:00","","f76b7f51-b762-4fd0-a35c-e04f582acf42","Office"
"Microsoft 365 Apps/Office 2019/Office LTSC","1956","Microsoft 365 アプリ更新情報 - x86 ベース エディションのバージョン 2204 (ビルド 15128.20206) の最新チャネル (プレビュー版) 品質更新プログラム","2022/05/03 16:45:04","","Office 365 クライアントの更新 – Deferred Channel (1602-1) - 32 ビット版の初回リリース","2016/03/09 1:00:00","","30eb551c-6288-4716-9a78-f300ec36d72b","Office"
"New Dictionaries for Microsoft IME","0",,,,,,,"8508af86-b85e-450f-a518-3b6f8f204eea","Office"
"Office 2002/XP","71","Office XP IME Update: KB835727 for Multilingual User Interface Pack","2012/04/04 22:00:10","","Access 2002 更新プログラム (KB904018)","2005/10/18 17:00:00","","6248b8b1-ffeb-dbd9-887a-2acf53b09dfe","Office"
"Office 2003","190","Word Viewer (KB4462154)   のセキュリティ更新プログラム","2019/02/12 18:00:00","","Service Pack 1 for Business Contact Manager Update and Small Business Accounting","2005/10/18 17:00:00","","1403f223-a63f-f572-82ba-c92391218055","Office"
"Office 2007","425","Microsoft Office Compatibility Pack Service Pack 3 (KB4461607)   のセキュリティ更新プログラム","2019/02/12 18:00:00","","2007 Microsoft Office system 更新プログラム: KB932080","2007/04/10 17:00:00","","041e4f9f-3a3d-4f58-8b2f-5e6fe95c4591","Office"
"Office 2010","1459","Microsoft SharePoint Server 2010 (KB4504701)  ファーム展開のセキュリティ更新","2021/04/13 17:00:00","","Microsoft Office 2010 更新プログラム (64 ビット版): KB2202188","2010/08/10 17:00:00","","84f5f325-30d7-41c4-81d1-87a0e6535b66","Office"
"Office 2013","855","Microsoft SharePoint Foundation 2013 (KB5002189)  のセキュリティ更新プログラム","2022/04/12 17:00:00","","Microsoft SharePoint Enterprise Server 2013 (KB2752001)  の更新プログラム","2012/12/11 18:00:00","","704a0a4a-518f-4d69-9e03-10ba44198bd5","Office"
"Office 2016","548","Microsoft Access 2016 (KB5002048) 64 ビット版 の更新プログラム","2022/05/03 17:00:00","","Microsoft Office 2016 (KB3085538) 64 ビット版 のセキュリティ更新プログラム","2015/10/13 17:00:00","","25aed893-7c2d-4a31-ae22-28ff8ac150ed","Office"
"SharePoint Server 2019/Office Online Server","83","Microsoft SharePoint Server 2019 Core (KB5002180)  ファーム展開のセキュリティ更新プログラム","2022/04/12 17:00:00","","Microsoft SharePoint Server 2019 Core (KB4461513)  ファーム展開のセキュリティ更新プログラム","2018/11/13 18:00:00","","6c5f2e66-7dbc-4c59-90a7-849c4c649d7a","Office"
"SharePoint Server Subscription Edition","6","Microsoft SharePoint Server Subscription Edition Core (KB5002191)  ファーム展開のセキュリティ更新プログラム","2022/04/12 17:00:00","","Microsoft SharePoint Server Subscription Edition Core (KB5002045)  ファーム展開のセキュリティ更新プログラム","2021/12/14 18:00:00","","bc0fee21-742f-4d06-8b37-4fd520873c74","Office"
".NET 5.0","66","2022-04 .NET 5.0.16 Update for x64 Server (KB5013354)","2022/04/12 17:00:00","","2020-12 .NET 5.0.1 Update for x64 Client","2020/12/08 18:00:00","","b8267fae-89ab-4540-b17d-21ffd5986e3a","Developer Tools, Runtimes, and Redistributables"
".NET 6.0","16","2022-04 .NET 6.0.4 Update for ARM64 Client (KB5013437)","2022/04/12 17:00:00","","2021-12 .NET 6.0.1 Security Update for x86 Client (KB5009191)","2022/01/11 18:00:00","","3a8f2a23-211a-4969-9f10-50ee09f0a2db","Developer Tools, Runtimes, and Redistributables"
".NET Core 2.1","18","2021-08 .NET Core 2.1.30 Security Update for x64 Client (KB5005418)","2021/08/19 21:00:00","","2021-01 .NET Core 2.1.24 Update for x86 Client","2021/01/12 18:00:00","","7d9ae321-5221-46d8-9614-5302f044cfb1","Developer Tools, Runtimes, and Redistributables"
".NET Core 3.1","43","2022-04 .NET Core 3.1.24 Update for x86 Client (KB5013353)","2022/04/12 17:00:00","","2021-01 .NET Core 3.1.11 Security Update for x64 Server","2021/01/12 18:00:00","","7d6b797d-392c-45ee-a22f-4082b66212a0","Developer Tools, Runtimes, and Redistributables"
"Report Viewer 2005","2","Report Viewer 2005 Service Pack 1 再頒布可能パッケージ セキュリティ更新プログラム (KB2579115)","2012/03/13 17:00:00","","Report Viewer 2005 Service Pack 1 再頒布可能パッケージ セキュリティ更新プログラム (KB971117)","2009/10/13 17:00:00","ReportViewer2005SP1_KB971117","7cf56bdd-5b4e-4c04-a6a6-706a2199eff7","Developer Tools, Runtimes, and Redistributables"
"Report Viewer 2008","2","Report Viewer 2008 再頒布可能パッケージ セキュリティ更新プログラム (KB971118)","2009/10/13 17:00:00","ReportViewer2008RTM_KB971118","Report Viewer 2008 再頒布可能パッケージ セキュリティ更新プログラム (KB971118)","2009/10/13 17:00:00","ReportViewer2008RTM_KB971118","79adaa30-d83b-4d9c-8afd-e099cf34855f","Developer Tools, Runtimes, and Redistributables"
"Report Viewer 2010","1","Microsoft Report Viewer 2010 Service Pack 1 再頒布可能パッケージ更新プログラム (KB2549864)","2011/09/13 17:00:00","","Microsoft Report Viewer 2010 Service Pack 1 再頒布可能パッケージ更新プログラム (KB2549864)","2011/09/13 17:00:00","","f7f096c9-9293-422d-9be8-9f6e90c2e096","Developer Tools, Runtimes, and Redistributables"
"Visual Studio 2005","18","Microsoft Visual Studio 2005 Service Pack 1 の更新プログラム (KB2938803)","2014/06/10 17:00:00","","Microsoft Visual Studio 2005 のセキュリティ更新プログラム (KB925674)","2006/12/13 1:00:00","","a0dd7e72-90ec-41e3-b370-c86a245cd44f","Developer Tools, Runtimes, and Redistributables"
"Visual Studio 2008","14","Microsoft Visual Studio 2008 Service Pack 1 の更新プログラム (KB2938806)","2014/05/13 17:00:00","","Microsoft Visual Studio 2008 のセキュリティ更新プログラム (KB952241)","2008/09/12 17:00:00","952241_VS2008","e3fde9f8-14d6-4b5c-911c-fba9e0fc9887","Developer Tools, Runtimes, and Redistributables"
"Visual Studio 2010 Tools for Office Runtime","2","Microsoft Visual Studio 2010 Tools for Office Runtime x64 (KB982305)","2010/08/24 17:00:00","KB982305 _VSTOR_x64","Microsoft Visual Studio 2010 Tools for Office Runtime x64 (KB982305)","2010/08/24 17:00:00","KB982305 _VSTOR_x64","cbfd1e71-9d9e-457e-a8c5-500c47cfe9f3","Developer Tools, Runtimes, and Redistributables"
"Visual Studio 2010 Tools for Office Runtime","1","Microsoft Visual Studio 2010 Tools for Office Runtime の更新プログラム (KB3001652)","2015/02/11 19:00:00","","Microsoft Visual Studio 2010 Tools for Office Runtime の更新プログラム (KB3001652)","2015/02/11 19:00:00","","e1c753f2-9f79-4577-b75b-913f4230feee","Developer Tools, Runtimes, and Redistributables"
"Visual Studio 2010","27","Security update for the information disclosure vulnerability in Visual Studio 2010 Service Pack 1 (KB4506161)","2020/11/17 18:00:00","","Microsoft Visual Studio 2010 Service Pack 1 TSQLLanguageService 更新プログラム (KB2519378)","2011/04/21 17:00:00","","c9834186-a976-472b-8384-6bb8f2aa43d9","Developer Tools, Runtimes, and Redistributables"
"Visual Studio 2012","8","Security update for the information disclosure vulnerability in Visual Studio 2012 Update 5 (KB4506162)","2020/11/17 18:00:00","","Microsoft Visual Studio 2012 更新プログラム (KB2781514)","2013/02/12 18:00:00","","abddd523-04f4-4f8e-b76f-a6c84286cc67","Developer Tools, Runtimes, and Redistributables"
"Visual Studio 2013","7","Security Update for the remote code execution vulnerability in Visual Studio 2013 Update 5 (KB4571480)","2020/11/17 18:00:00","","Microsoft Visual Studio Team Foundation Server 2013 用セキュリティ更新プログラム (KB2903566)","2013/12/10 18:00:00","","cf4aa0fc-119d-4408-bcba-181abb69ed33","Developer Tools, Runtimes, and Redistributables"
"Visual Studio 2015 Update 3","13","Security update for the Diagnostic Hub Standard Collector elevation of privilege vulnerability in Visual Studio 2015 Update 3 (KB5011164)","2022/02/08 18:00:00","","Security Update for the Diagnostic Hub Standard Collector elevation of privilege vulnerability in Visual Studio 2015 Update 3 (KB4489639)","2020/11/17 18:00:00","","e28b050c-ddb8-47cd-ac7c-0df3ee5fc51c","Developer Tools, Runtimes, and Redistributables"
"Visual Studio 2015","3","Security update for the Diagnostic Hub Standard Collector elevation of privilege vulnerability in Visual Studio 2015 Update 3 (KB4463110)","2020/11/17 18:00:00","","Security Update for the remote code execution vulnerability in Visual Studio 2015 Update 3 (KB4336999)","2020/03/10 17:00:00","","1731f839-8830-4b9c-986e-82ee30b24120","Developer Tools, Runtimes, and Redistributables"
"Visual Studio 2017","11","Visual Studio Client Detector Utility","2022/04/13 22:38:18","","Visual Studio 2017 version 15.9.0 to 15.9.35 update","2021/04/13 17:00:00","","682005f1-54fd-440f-b3b3-b9c652351d01","Developer Tools, Runtimes, and Redistributables"
"Visual Studio 2019","42","Visual Studio Client Detector Utility","2022/04/13 22:38:18","","Visual Studio 2019 version 16.0.0 to 16.0.22 update","2021/01/19 18:00:00","","5f4177e2-ad09-4066-9050-b7466ad5b078","Developer Tools, Runtimes, and Redistributables"
"Visual Studio 2022","7","Visual Studio Client Detector Utility","2022/04/13 17:00:00","","Visual Studio 2022 version 17.0.3 update","2021/12/16 18:00:00","","12c24e87-bd40-451b-9477-2c2bf501e0d7","Developer Tools, Runtimes, and Redistributables"
"Windows 10, version 1903 and later","0",,,,,,,"8a3cbc4a-5334-40d4-a06e-6da96022ae3b","Developer Tools, Runtimes, and Redistributables"
"Windows Server 2016 for RS4","0",,,,,,,"e1e98a63-714b-44dd-8699-48021d0183ef","Developer Tools, Runtimes, and Redistributables"
"Windows Server 2016","0",,,,,,,"e26d4a30-aba6-4616-a890-011970d93636","Developer Tools, Runtimes, and Redistributables"
"Windows Server 2019","0",,,,,,,"6e56e6da-f22f-47c9-97b4-510153a06740","Developer Tools, Runtimes, and Redistributables"
"Windows Server, version 1903 and later","0",,,,,,,"07e016ee-95e2-4a4b-a98c-392b6269b51d","Developer Tools, Runtimes, and Redistributables"
"Microsoft SQL Server 2012","36","SQL Server 2012 Service Pack 4 CU のセキュリティ更新プログラム (KB4583465)","2021/01/12 18:00:00","","SQL Server 2012 RTM のセキュリティ更新プログラム (KB2716441)","2012/10/09 17:00:00","","56750722-19b4-4449-a547-5b68f19eee38","SQL Server"
"Microsoft SQL Server 2014","56","SQL Server 2014 Service Pack 3 CU のセキュリティ更新プログラム (KB4583462)","2021/01/12 18:00:00","","SQL Server 2014 のセキュリティ更新プログラム (KB2977315)","2014/08/12 17:00:00","","caab596c-64f2-4aa9-bbe3-784c6e2ccf9c","SQL Server"
"Microsoft SQL Server 2016","70","SQL Server 2016 Service Pack 3 (KB5003279)","2021/11/22 17:07:05","","SQL Server 2016 Analysis Services の緊急更新プログラム (KB3179258)","2016/09/23 22:54:06","","93f0b0bc-9c20-4ca5-b630-06eb4706a447","SQL Server"
"Microsoft SQL Server 2017","39","SQL Server 2017 RTM 累積的な更新プログラム (CU) 29 KB5010786","2022/03/30 21:08:37","","SQL Server 2017 RTM 累積的な更新プログラム (CU) 2 KB4052574","2017/12/07 17:57:20","","ca6616aa-6310-4c2d-a6bf-cae700b85e86","SQL Server"
"Microsoft SQL Server 2019","18","SQL Server 2019 RTM 累積的な更新プログラム (CU) 16 KB5011644","2022/04/18 21:57:05","","SQL Server 2019 RTM GDR のサービス更新プログラム (KB4517790)","2019/11/04 6:00:00","","97b8b817-fce1-44e4-ac26-61127d4604c0","SQL Server"
"Microsoft SQL Server Management Studio v17","3","SQL Server Management Studio 17.9.1","2018/12/15 1:59:53","","Microsoft SQL Server Management Studio 17.0 RC3","2017/03/28 17:00:00","","dee854fd-e9d2-43fd-bbc3-f7568e3ce324","SQL Server"
"Microsoft SQL Server Management Studio v18","11","SQL Server Management Studio 18.11.1","2022/03/15 16:58:46","","SQL Server Management Studio 18.1","2019/06/20 21:43:52","","05baacdd-c45a-4e37-b95c-ee0453061d89","SQL Server"
"SQL Server 2000","17","SQL Server Reporting Services 2000 Service Pack 2 のセキュリティ更新プログラム (KB983814)","2012/10/09 17:00:00","","SQL Server 2000 Service Pack 4 のセキュリティ更新プログラム (KB948111)","2008/07/08 17:00:00","","7145181b-9556-4b11-b659-0162fa9df11f","SQL Server"
"SQL Server 2005","53","SQL Server 2005 Service Pack 4 フェールオーバー クラスタリングのセキュリティ更新プログラム (KB2716429)","2012/10/09 17:00:00","","Microsoft SQL Server 2005 Service Pack 1 (KB 913090)","2007/03/07 18:00:00","","60916385-7546-4e9b-836e-79d65e517bab","SQL Server"
"SQL Server 2008 R2","13","SQL Server 2008 R2 Service Pack 3 CU のセキュリティ更新プログラム (KB4057113)","2018/02/27 18:00:00","","SQL Server 2008 R2 のセキュリティ更新プログラム (KB2494088)","2011/06/14 17:00:00","","bb7bc3a7-857b-49d4-8879-b639cf5e8c3c","SQL Server"
"SQL Server 2008","19","SQL Server 2008 Service Pack 4 CU のセキュリティ更新プログラム (KB4057114)","2018/02/27 18:00:00","","Microsoft SQL Server 2008 Service Pack 1 (KB968369)","2009/05/26 17:00:00","","c5f0b23c-e990-4b71-9808-718d353f533a","SQL Server"
"SQL Server 2012 Product Updates for Setup","2","SQL Server 2012 Service Pack 1 の更新プログラム (スマート セットアップ) (KB2793634)","2013/02/26 18:00:00","","SQL Server 2012 Service Pack 1 Setup Update (KB2674319)","2012/11/27 18:00:00","","7fe4630a-0330-4b01-a5e6-a77c7ad34eb0","SQL Server"
"SQL Server 2014-2016 Product Updates for Setup","2","SQL Server 2016 MSVCRT の前提条件の重要な更新プログラム KB3164398","2016/09/07 22:20:05","","SQL Server 2016 MSVCRT の前提条件の重要な更新プログラム KB3164398","2016/06/09 20:00:00","","892c0584-8b03-428f-9a74-224fcd6887c0","SQL Server"
"SQL Server Feature Pack","5","MSXML 6.0 RTM セキュリティ更新プログラム (925673)","2012/04/04 22:42:42","","Microsoft SQL Server 2005 Books Online (日本語版) (2007 年 5 月)","2007/08/02 17:00:00","","c96c35fc-a21f-481b-917c-10c4f64792cb","SQL Server"
"PowerShell - x64","2","PowerShell v7.2.2 (x64)","2022/03/28 17:00:00","","PowerShell v7.2.1 (x64)","2022/02/10 20:17:38","","2ff883b0-b409-4328-ab13-ec77f5bdb864","PowerShell"
"PowerShell Preview - x64","0",,,,,,,"c90a4362-d2b6-4bb4-b316-76d14fed63a5","PowerShell"
